{
  "project_info": {
    "project_number": "832833381544",
    "project_id": "mysscbcampus",
    "storage_bucket": "mysscbcampus.firebasestorage.app"
  },
  "client": [
    {
      "client_info": {
        "mobilesdk_app_id": "1:832833381544:android:bca44296b6be151e990e9d",
        "android_client_info": {
          "package_name": "com.adithyaplay.mysscbcampus"
        }
      },
      "oauth_client": [],
      "api_key": [
        {
          "current_key": "AIzaSyDffnaQl_ZlAFRSaS2nVBGTILOYAO8A0u4"
        }
      ],
      "services": {
        "appinvite_service": {
          "other_platform_oauth_client": []
        }
      }
    }
  ],
  "configuration_version": "1"
}